1054118;Piekarniki do zabudowy;979;Whirlpool AKP 786 IX;http://f01.esfr.pl/foto/5/9489931402/62adba0f1c90564de9f7029a660ba544/whirlpool-akp786ix,9489931402_7.jpg;11752;Wymiary (bez el. wystaj.) SxWxG:59,5 x 59,5 x 54,2 cm:0 | Kolor frontu:srebrno-czarny:1 | Pojemność:65 litrów:2 | Wykonanie piekarnika:stal nierdzewna:3 | Sterowanie:elektroniczne - chowane pokrętła, przyciski na froncie piekarnika:4 | Seria:Absolute:5 | ;
1054120;Kuchenki mikrofalowe do zabudowy;1099;Whirlpool AMW 442/IX;http://f01.esfr.pl/foto/4/9686709857/a8f0ad2fc871c322f8031f05f6a15afb/whirlpool-amw-442-ix,9686709857_7.jpg;13711;Wymiary (szer. x wys. x gł.):59,5 x 38,2 x 32 cm:0 | Pojemność:22 litry:1 | Moc mikrofal:750 W:2 | Funkcje podstawowe:grill, podgrzewanie, rozmrażanie:3 | Seria:Absolute:4 | ;
1054122;Kuchenki mikrofalowe do zabudowy;1399;Whirlpool AMW 731/WH;http://f00.esfr.pl/foto/4/9686781587/dd7d9057d154a3c1deba0d0fed61b8a5/whirlpool-amw-731-wh,9686781587_7.jpg;14923;Wymiary (szer. x wys. x gł.):59,5 x 38,5 x 46,8 cm:0 | Pojemność:31 litrów:1 | Moc mikrofal:1000 W:2 | Funkcje podstawowe:grill, opiekanie na chrupko, podgrzewanie, rozmrażanie:3 | Seria:Absolute:4 | ;
1054125;Odtwarzacze Blu-ray;3499;Pioneer BDP-LX58;http://f00.esfr.pl/foto/5/9495775002/27ddc2a2ea0682514657dca1e67f962c/pioneer-bdp-lx58,9495775002_7.jpg;3290;Obsługiwane formaty wideo:AVCHD, DivX, DivX Plus HD, MKV, 3GP, AVI, MP4, WMV, MOV, M4V:0 | Obsługiwane formaty audio:MP3, WMA, AAC, FLAC, WAV, APE, AIFF, ALAC, DSD:1 | Wi-Fi:nie:2 | DLNA:tak:3 | ;
1054129;Kuchnie nastawne;399;Ravanson K-04TNG;http://f00.esfr.pl/foto/7/9555418832/d23435ac02e8f825ab009d6e118d55c0/ravanson-k-04tng,9555418832_7.jpg;8965;Rodzaj urządzenia:gazowe:0 | Pola grzewcze:4 palniki gazowe:1 | Kolor:biały:2 | ;
1054131;Laptopy;2499;Dell Inspiron 17 5749 17,3'' Intel Core i3-5005U - 4GB RAM - 500GB Dysk - GF820 Grafika - Win8.1;http://f01.esfr.pl/foto/6/9475294647/e73006d8953bd7178bec184d97cc59ca/dell-inspiron-17-5749-i3-5005u-4gb-1tb-gf820m-2gb-w8-1,9475294647_7.jpg;62052;Ekran:17,3 cala, 1600 x 900 pikseli:0 | Procesor:Intel® Core™ i3 5gen 5005U 2,0 GHz:1 | System operacyjny:Windows 8.1:2 | Pamięć RAM:4 GB:3 | Dysk:500 GB:4 | Grafika:nVidia® GeForce GT 820M:5 | Ekran dotykowy:nie:6 | Kod producenta:CEDAR17BDW1601_2403:7 | Seria:Inspiron Seria 5000:8 | ;
1054132;Laptopy;0.00;Dell Latitude E3340 i3-5005U 4GB 500GB W7/8.1Pro;http://f01.esfr.pl/foto/6/9475350657/9ffddee8a69112c667cf94d863a8cf59/dell-latitude-e3340-i3-5005u-4gb-500gb-w7-8-1pro,9475350657_2.jpg;42864;;
1054137;Laptopy;0.00;HP 350 G2 i3-4030U 4GB 500GB W7P/W8.1Pro;http://f01.esfr.pl/foto/3/9481538707/446319c9c83118c82d6014cd31dc1f9c/hp-350-g2-i3-4030u-4gb-500gb-w7p-w8-1pro,9481538707_2.jpg;45246;;
1054138;Laptopy;0.00;HP ProBook 450 G2 i3-5010U 4GB 500GB W7/W8.1Pro;http://f01.esfr.pl/foto/8/9481709677/af1b8f85dd1e9e99f1e466543b9112a7/hp-probook-450-g2-i3-5010u-4gb-500gb-w7-w8-1pro,9481709677_2.jpg;17444;;
1054140;Laptopy;3299;HP ProBook 450 G2 i5-5200U 4GB 128SSD W7/W8.1Pro;http://f00.esfr.pl/foto/7/9481811922/af1b8f85dd1e9e99f1e466543b9112a7/hp-probook-450-g2-i5-5200u-4gb-128ssd-w7-w8-1pro_1,9481811922_7.jpg;13981;Ekran:15,6 cala, 1366 x 768 pikseli:0 | Procesor:Intel® Core™ i5 5gen 5200U 2,2 - 2,7 GHz:1 | System operacyjny:Windows 7 Professional / Windows 8.1 Pro:2 | Pamięć RAM:4 GB:3 | Grafika:Intel® HD Graphics 5500:4 | Ekran dotykowy:nie:5 | Kod producenta:L8B41ES:6 | Seria:ProBook 400:7 | ;
1054141;Laptopy;3699;HP ProBook 470 G2 i5-5200U 8GB 128SSD W7/W8.1Pro;http://f00.esfr.pl/foto/1/9481860102/9c1035695659a349b06a3d9b35090a74/hp-probook-470-g2-i5-5200u-8gb-128ssd-w7-w8-1pro,9481860102_7.jpg;54210;Ekran:17,3 cala, 1600 x 900 pikseli:0 | Procesor:Intel® Core™ i5 5gen 5200U 2,2 - 2,7 GHz:1 | System operacyjny:Windows 7 Professional / Windows 8.1 Pro:2 | Pamięć RAM:8 GB:3 | Dysk:128 GB SSD:4 | Grafika:AMD® Radeon R5 M255:5 | Ekran dotykowy:nie:6 | Kod producenta:L7Z56EA:7 | Seria:ProBook 400:8 | ;
1054142;Laptopy;1149;Lenovo Essential G50-30 15,6'' Intel Celeron N2840 - 2GB RAM - 320GB Dysk - Win8.1;http://f00.esfr.pl/foto/8/9481965892/abf8a1392d84210c2968d10c51e6c51d/lenovo-essential-g50-30-n2840-2gb-320gb-w8-1-bing-czarny,9481965892_7.jpg;59401;Ekran:15,6 cala, 1366 x 768 pikseli:0 | Procesor:Intel® Celeron® N2840 2,16 - 2,58 GHz:1 | System operacyjny:Windows 8.1:2 | Pamięć RAM:2 GB:3 | Dysk:320 GB:4 | Grafika:Intel® HD Graphics:5 | Ekran dotykowy:nie:6 | Kolor:czarny:7 | Kod producenta:80G001UVPB:8 | Seria:Essential G:9 | ;
1054146;Laptopy;3649;Lenovo ThinkPad E440 14'' Intel Core i5-4210M - 8GB RAM - 1TB Dysk - GT740 Grafika - Win7/Win8.1 Pro;http://f01.esfr.pl/foto/2/9482422882/af0446ba28855c5d7511d4c8e69e21d5/lenovo-thinkpad-e440-i5-4210m-8gb-1tb-gt740m-2gb-w7p-w8-1pro,9482422882_7.jpg;59685;Ekran:14 cali, 1600 x 900 pikseli:0 | Procesor:Intel® Core™ i5 4gen 4210M 2,6 - 3,2 GHz:1 | System:Windows 7 Professional / Windows 8.1 Pro:2 | Pamięć RAM:8 GB:3 | Dysk:1000 GB:4 | Dodatkowy dysk:16 GB SSD:5 | Grafika:nVidia® GeForce GT740M:6 | Ekran dotykowy:nie:7 | Kod producenta:20C500FFPB:8 | Seria:ThinkPad E:9 | ;
1054147;Laptopy;4999;Lenovo ThinkPad X250 12,5'' Intel Core i5-5200U - 4GB RAM - 500GB Dysk - Win7/Win8.1 Pro;http://f01.esfr.pl/foto/5/9482583727/af0446ba28855c5d7511d4c8e69e21d5/lenovo-thinkpad-x250-i5-5200u-4gb-500gb-w7p-w8-1pro,9482583727_7.jpg;7387;Ekran:12,5 cala,  1366 x 768 pikseli:0 | Procesor:Intel® Core™ i5 5gen 5200U 2,2 - 2,7 GHz:1 | Pamięć RAM:4 GB:2 | Dysk:500 GB SSHD:3 | Grafika:Intel® HD Graphics 5500:4 | System operacyjny:Windows 7/8.1 Pro:5 | Gwarancja:24 miesiące, standardowa:6 | ;
1054148;Tablety;299;Prestigio MultiPad 2 Ultra Duo 8.0 PMP7280C 3G (bialy);http://f01.esfr.pl/foto/8/9497977287/cae5f7cdd9cfe8d955996714d7119bca/prestigio-multipad-2-ultra-duo-8-0-pmp7280c-3g-bialy,9497977287_7.jpg;9352;System operacyjny:Android 4.0 Ice Cream Sandwich:0 | Wyświetlacz:8 cali, 1024 x 768 pikseli:1 | Procesor:MediaTek MTK8377, 1,2 GHz:2 | Pojemność:8 GB:3 | Pamięć  RAM:1 GB:4 | Modem:3G:5 | ;
1054151;Krótkofalówki;119.99;Motorola TLKR T41 (niebieski);http://f00.esfr.pl/foto/4/9495743482/5d5296d1012464649feaea9c8c45219e/motorola-tlkr-t41-niebieski,9495743482_7.jpg;16155;Częstotliwość pracy:446 MHz:0 | Liczba kanałów:8:1 | Maksymalny zasięg:4 km:2 | ;
1054152;Kuchenki mikrofalowe do zabudowy;1439;Whirlpool AMW 731/NB;http://f00.esfr.pl/foto/2/9686824237/170e61dce488c4e82161d2182d7e29c8/whirlpool-amw-731-nb,9686824237_7.jpg;11270;Wymiary (szer. x wys. x gł.):59,5 x 38,5 x 46,8 cm:0 | Pojemność:31 litrów:1 | Moc mikrofal:1000 W:2 | Funkcje podstawowe:grill, opiekanie na chrupko, podgrzewanie, rozmrażanie:3 | Seria:Absolute:4 | ;
1054153;Odkurzacze;159.99;Amica Breva VM 1041;http://f01.esfr.pl/foto/7/9490059247/cd69d7062f44df80f542531e4eec37c3/amica-breva-vm-1041,9490059247_7.jpg;1346;Klasa skuteczności odkurzania dywanów:E:0 | Klasa skuteczności odkurzania podłóg twardych:B:1 | Poziom hałasu:74 dB:2 | Moc wejściowa:1200 W:3 | Typ filtra:tekstylny:4 | Pojemność worka/pojemnika:2 litry:5 | Zasięg pracy:7 m:6 | ;
1054154;Odkurzacze;219;Amica Nortes VM 2041;http://f00.esfr.pl/foto/7/9490071622/476517a97a96b8396b81684d533c3973/amica-nortes-vm-2041,9490071622_7.jpg;45282;Klasa skuteczności odkurzania dywanów:E:0 | Klasa skuteczności odkurzania podłóg twardych:A:1 | Poziom hałasu:71 dB:2 | Moc wejściowa:1400 W:3 | Typ filtra:tekstylny:4 | Pojemność worka/pojemnika:2 litry:5 | Zasięg pracy:8 m:6 | ;
1054155;Odkurzacze;249;Amica Nortes Cyclone VM 2042;http://f01.esfr.pl/foto/8/9490097987/6946f397b89f735adde0f2247cffae1b/amica-nortes-cyclone-vm-2042,9490097987_7.jpg;5002;Klasa skuteczności odkurzania dywanów:E:0 | Klasa skuteczności odkurzania podłóg twardych:A:1 | Poziom hałasu:71 dB:2 | Moc wejściowa:1400 W:3 | Typ filtra:tekstylny:4 | Pojemność worka/pojemnika:2 litry:5 | Zasięg pracy:8 m:6 | ;
1054156;Odkurzacze;279;Amica Bagio VM 3021;http://f01.esfr.pl/foto/3/9490115847/d771a71ea7dfe3bf743d8aeead9efd1c/amica-bagio-vm-3021,9490115847_7.jpg;4800;Klasa skuteczności odkurzania dywanów:D:0 | Klasa skuteczności odkurzania podłóg twardych:A:1 | Poziom hałasu:72 dB:2 | Moc wejściowa:1400 W:3 | Typ filtra:antyalergiczny:4 | Pojemność worka/pojemnika:2 litry:5 | Zasięg pracy:8 m:6 | ;
1054158;Odkurzacze;199.99;Amica Viento VI 2021;http://f00.esfr.pl/foto/4/9490034907/d329c7f2adb992c849277ea3e9a94544/amica-viento-vi-2021,9490034907_7.jpg;736;Klasa skuteczności odkurzania dywanów:E:0 | Klasa skuteczności odkurzania podłóg twardych:B:1 | Poziom hałasu:83 dB:2 | Moc wejściowa:1400 W:3 | Typ filtra:antyalergiczny:4 | Pojemność worka/pojemnika:3 litry:5 | Zasięg pracy:8 m:6 | ;
1054159;Odkurzacze;314.00;Amica Notus VC 5011;http://f01.esfr.pl/foto/7/9490009932/84f2a9abd3df85535e0116b2a74d8e52/amica-notus-vc-5011,9490009932_2.jpg;43800;;
1054160;Kuchenki mikrofalowe do zabudowy;1699;Whirlpool AMW 507/IX;http://f01.esfr.pl/foto/2/9686746627/b937ab037a95d0d322d16c76866b2c9c/whirlpool-amw-507-ix,9686746627_7.jpg;70668;Wymiary (szer. x wys. x gł.):59,5 x 45,5 x 56 cm:0 | Pojemność:40 litrów:1 | Moc mikrofal:900 W:2 | Funkcje podstawowe:grill, podgrzewanie, rozmrażanie, termoobieg:3 | Seria:Absolute:4 | ;
1054163;Gry PC;59;Heroes of the Storm: Pakiet Startowy;http://f00.esfr.pl/foto/3/9500729077/460a70eca019f58fecad2847023e83a5/blizzard-heroes-of-the-storm-pakiet-startowy,9500729077_7.jpg;17226;Platforma:komputer PC:0 | Gatunek gry:RPG:1 | Przedział wiekowy (PEGI):12+:2 | Wersja językowa:polska (dubbing):3 | Data premiery:2.06.2015:4 | ;
1054165;Obiektywy;4599;Fujinon XF16-55mm F2.8 R LM WR;http://f00.esfr.pl/foto/6/9483360907/942b82bcb2e65ae580b958e43550a397/fujinon-xf16-55mm-f2-8-r-lm-wr,9483360907_7.jpg;80014;Typ:zmiennoogniskowy:0 | Rodzaj:standardowy:1 | Ogniskowa:16 - 55 mm:2 | Maksymalna przysłona:f/2.8:3 | Mocowanie:Fujifilm X:4 | Kod producenta:16443072:5 | ;
1054166;Komputery All-In-One;1999.00;Asus ET2232IUK J2900 2GB 1TB W8.1;http://f01.esfr.pl/foto/4/9501713527/1906b49bf78e945728fac11aa30c39d/asus-et2232iuk-j2900-2gb-1tb-w8-1,9501713527_2.jpg;34245;;
1054167;komputer all-in-one;1999.00;Asus ET2230INK-BC012Q i3-4160T 4GB 1TB 820M W8.1;http://f01.esfr.pl/foto/7/9514286947/f99800f8bf0c5e360c807f78f0c2f816/asus-et2230ink-bc012q-i3-4160t-4gb-1tb-820m-w8-1,9514286947_2.jpg;18094;;
1054168;Komputery All-In-One;2910;Asus ET2230INK i5-4460T 4GB 1TB 820M W8.1;http://f00.esfr.pl/foto/9/9501833367/1929f9d26440ce475babe36c6f107cf1/asus-et2230ink-i5-4460t-4gb-1tb-820m-w8-1-,9501833367_2.jpg;4046;;
1054169;Komputery All-In-One;2879.00;Asus ET2230IUK i5-4460T 4GB 1TB W8.1;http://f01.esfr.pl/foto/6/9501807452/1929f9d26440ce475babe36c6f107cf1/asus-et2230iuk-i5-4460t-4gb-1tb-w8-1,9501807452_2.jpg;37575;;
1054170;Odkurzacze;699.00;Electrolux Ultra Silencer ZUS3925DB+;http://f01.esfr.pl/foto/1/9746197852/e2313092967a2a5785ab18c68e75f346/electrolux-ultra-silencer-zus3925db-1,9746197852_2.jpg;42593;;
1054171;Odkurzacze;749;Electrolux Ultra Silencer ZUS3945WR+;http://f01.esfr.pl/foto/8/9746100462/1657103405f423279175ab2f5f3cd376/electrolux-ultra-silencer-zus3945wr-1,9746100462_7.jpg;2068;Klasa skuteczności odkurzania dywanów:C:0 | Klasa skuteczności odkurzania podłóg twardych:A:1 | Poziom hałasu:61 dB:2 | Moc wejściowa:650 W:3 | Typ filtra:tekstylny:4 | Pojemność worka/pojemnika:3,5 litra:5 | Zasięg pracy:12 m:6 | ;
1054172;Odkurzacze;999;Electrolux Ultra Silencer ZUS3975C+;http://f00.esfr.pl/foto/2/9746159112/763d79c7662cc8819a1dd8f8ee313351/electrolux-ultra-silencer-zus3975c-1,9746159112_7.jpg;3400;Klasa skuteczności odkurzania dywanów:C:0 | Klasa skuteczności odkurzania podłóg twardych:A:1 | Poziom hałasu:61 dB:2 | Moc wejściowa:650 W:3 | Typ filtra:antyalergiczny:4 | Pojemność worka:3,5 litra:5 | Zasięg pracy:12 m:6 | ;
1054175;Czajniki elektryczne;129.99;RAVEN EC006;http://f00.esfr.pl/foto/9/10332378338/9ba9988d81bd742810098bdd9e588cb6/raven-ec006,10332378338_7.jpg;3458;Pojemność:1,7 litra:0 | Element grzejny:płaska grzałka płytowa:1 | Moc:2200 W:2 | Kolor:srebrno-czarny:3 | Wykonanie:szkło-stal nierdzewna:4 | ;
1054196;Słuchawki z mikrofonem;159.99;Koss SB45;http://f01.esfr.pl/foto/1/9492583942/fe31e7e4bbb0d644d37b32a443c60699/koss-sb45,9492583942_2.jpg;44365;;
1054197;Słuchawki z mikrofonem;179.99;Koss SB45 USB;http://f01.esfr.pl/foto/3/9492554887/997c2ff12c43e2d981c100dccfb3c301/koss-sb45-usb,9492554887_2.jpg;44364;;
1054201;Klawiatury komputerowe;499;SteelSeries Apex M800;http://f01.esfr.pl/foto/3/9495155962/a97433946edbfa5b014295073055d1f/steelseries-apex-m800,9495155962_7.jpg;8315;Układ klawiatury:standardowy:0 | Komunikacja z komputerem:przewodowa:1 | Typ podłączenia:USB:2 | Podświetlenie:tak:3 | Wbudowany HUB USB:tak:4 | ;
1054207;Słuchawki;499;Sennheiser RS 165;http://f01.esfr.pl/foto/9/9495059392/b5432a0648824c8911188f65974ac2ae/sennheiser-rs-165,9495059392_7.jpg;10638;Typ słuchawek:nauszne - zamknięte:0 | Pasmo przenoszenia:18 - 21000 Hz:1 | Dynamika (SPL):106 dB:2 | Transmisja bezprzewodowa:radiowe:3 | ;
1054208;Słuchawki;699;Sennheiser RS 175;http://f00.esfr.pl/foto/5/9495076947/834e30bcaa24330febd1c5719f384629/sennheiser-rs-175,9495076947_7.jpg;16493;Typ słuchawek:nauszne - zamknięte:0 | Pasmo przenoszenia:17 - 22000 Hz:1 | Dynamika (SPL):106 dB:2 | Transmisja bezprzewodowa:radiowe:3 | ;
1054209;Słuchawki;749;Sennheiser MOMENTUM On-Ear M2 OEG (czarny);http://f00.esfr.pl/foto/3/9492648312/9f2723eb021a661414dd4a0bf78f65b4/sennheiser-momentum-on-ear-m2-oeg-czarny,9492648312_7.jpg;26775;Typ słuchawek:nauszne - zamknięte:0 | Pasmo przenoszenia:16 - 22000 Hz:1 | Dynamika (SPL):112 dB:2 | Długość przewodu:1,4 m:3 | ;
1054210;Słuchawki;799;Sennheiser MOMENTUM M2 AEG (ivory);http://f01.esfr.pl/foto/7/9492676127/557c661ff8f2ccc1d1ffc36309ff8c2e/sennheiser-momentum-on-ear-m2-oeg-ivory,9492676127_7.jpg;15643;Typ słuchawek:nauszne - zamknięte:0 | Pasmo przenoszenia:16 - 22000 Hz:1 | Dynamika (SPL):112 dB:2 | Długość przewodu:1,4 m:3 | ;
1054212;Słuchawki;1099;Sennheiser MOMENTUM M2 AEG (czarny);http://f00.esfr.pl/foto/4/9492702707/e3fbb8e0976faab529b47cd0418f1bbb/sennheiser-momentum-m2-aeg-czarny,9492702707_7.jpg;17771;Typ słuchawek:nauszne - zamknięte:0 | Pasmo przenoszenia:16 - 22000 Hz:1 | Dynamika (SPL):112 dB:2 | Długość przewodu:1,4 m:3 | ;
1054215;Etui do telefonów;119.99;Samsung Galaxy A7 S-View Cover EF-CA700BF (złoty);http://f00.esfr.pl/foto/3/9487167602/f5c7a920774da6856221e2f2e54ef114/samsung-galaxy-a7-s-view-cover-ef-ca700bf-zloty,9487167602_7.jpg;14027;Typ:etui z klapką:0 | Kolor:złoty:1 | Materiał:skóra ekologiczna:2 | Pasuje do:Samsung Galaxy A7:3 | ;
1054220;Słuchawki;39.99;Trust 20161;http://f01.esfr.pl/foto/4/9492341892/e73b813d6a53735c66b6b17ce308b86e/trust-20161,9492341892_7.jpg;20837;Typ słuchawek:nauszne - zamknięte:0 | Dynamika (SPL):brak danych:1 | Długość przewodu:1,8 m:2 | ;
1054241;Karty pamięci;229;Samsung microSDXC EVO Plus 128GB 80 MB/s;http://f00.esfr.pl/foto/5/9495197157/2e63b3891bc18b243d3f1f838e23a077/samsung-microsd-evo-plus-128gb,9495197157_7.jpg;37525;Typ karty:microSDHC:0 | Pojemność:128 GB:1 | Prędkość zapisu:20 MB/s:2 | Prędkość odczytu do:80 MB/s:3 | Klasa prędkości:UHS-I:4 | ;
1054242;Karty pamięci;109.99;Samsung microSD EVO Plus 64GB 80 MB/s;http://f01.esfr.pl/foto/1/9495217857/7fa61b9d63c253c66893665ff7ef1b43/samsung-microsd-evo-plus-64gb,9495217857_7.jpg;35362;Typ karty:microSDXC:0 | Pojemność:64 GB:1 | Prędkość zapisu:20 MB/s:2 | Prędkość odczytu do:80 MB/s:3 | Klasa prędkości:UHS-I / U1:4 | Adapter:tak:5 | ;
1054243;Karty pamięci;69.99;Samsung microSDHC EVO Plus 32GB 80 MB/s;http://f01.esfr.pl/foto/6/9495215442/9815ff8fad943e7198c07f8e4f228a48/samsung-microsd-evo-plus-32gb,9495215442_7.jpg;8485;Typ karty:microSDHC:0 | Pojemność:32 GB:1 | Prędkość zapisu:20 MB/s:2 | Prędkość odczytu do:80 MB/s:3 | Klasa prędkości:UHS-I / U1:4 | Adapter:tak:5 | ;
1054244;Karty pamięci;379.99;Samsung microSD Pro Plus 64GB;http://f01.esfr.pl/foto/7/9495223657/772d68be246bad32e9ea0909a16a6edf/samsung-microsd-pro-plus-64gb,9495223657_2.jpg;43648;;
1054245;Karty pamięci;149.99;Samsung microSD Pro Plus 32GB;http://f01.esfr.pl/foto/2/9495220697/cf1c9e4d34873b3eec69bb0c3d49f4eb/samsung-microsd-pro-plus-32gb,9495220697_7.jpg;129871;Typ karty:microSDHC:0 | Pojemność:32 GB:1 | Prędkość zapisu:90 MB/s:2 | Prędkość odczytu do:95 MB/s:3 | Klasa prędkości:UHS-I / U3:4 | ;
1054249;Patelnie;79.99;Florina Eneo 28 cm;http://f01.esfr.pl/foto/1/9514568562/675fd7545c0946ba983f4e23fa58a1d7/florina-eneo-28-cm,9514568562_7.jpg;22997;Średnica:28 cm:0 | Wskaźnik nagrzania patelni:nie:1 | Możliwość mycia w zmywarce:nie:2 | W zestawie:patelnia 28 cm:3 | Kolor:grafit:4 | Powłoka wewnętrzna:nieprzywierająca:5 | Powłoka zewnętrzna:aluminium:6 | ;
