1053604;Telewizory LED, LCD, plazmowe;0.00;LG 28MT47D (czarny);http://f01.esfr.pl/foto/1/9444781202/2a4726e579ce548d4ebfb42ce1a06a12/lg-28mt47d-czarny,9444781202_2.jpg;43590;;
1053640;Słuchawki;349;JBL Synchros S100i (czarny);http://f00.esfr.pl/foto/1/9479639337/b16ff4477895f7061795965f0eff79ce/jbl-synchros-s100i-czarny,9479639337_7.jpg;12834;Typ słuchawek:douszne:0 | Pasmo przenoszenia:10 - 22000 Hz:1 | Dynamika (SPL):106 dB:2 | Długość przewodu:brak danych:3 | ;
1053645;Słuchawki;569;JBL Synchros S300a (biało-srebrny);http://f00.esfr.pl/foto/8/9481335552/a2463fc3178dca081fd82b6fb7d38fc0/jbl-synchros-s300a-bialo-srebrny,9481335552_7.jpg;19849;Typ słuchawek:nauszne - zamknięte:0 | Pasmo przenoszenia:10 - 22000 Hz:1 | Dynamika (SPL):115 dB:2 | Długość przewodu:brak danych:3 | ;
1053647;Słuchawki;499;JBL Synchros S300i (biało-srebrny);http://f01.esfr.pl/foto/7/9481288577/a2463fc3178dca081fd82b6fb7d38fc0/jbl-synchros-s300i-bialo-srebrny,9481288577_7.jpg;24503;Typ słuchawek:nauszne - zamknięte:0 | Pasmo przenoszenia:10 - 22000 Hz:1 | Dynamika (SPL):115 dB:2 | Długość przewodu:brak danych:3 | ;
1053653;Słuchawki;199.99;JBL T300A (czerwono-szary);http://f00.esfr.pl/foto/1/9481453957/846d910cff328b216557f3671b3c3e1f/jbl-t300a,9481453957_7.jpg;43431;Typ słuchawek:nauszne - zamknięte:0 | Pasmo przenoszenia:20 - 22000 Hz:1 | Dynamika (SPL):112 dB:2 | Długość przewodu:1,2 m:3 | ;
1053663;Słuchawki;159.99;AKG K 518 DJ (czarny);http://f01.esfr.pl/foto/1/9476090557/3c1cab774d87d8ca0c025f8ce3aa2473/akg-k-518-dj,9476090557_7.jpg;64040;Typ słuchawek:nauszne - zamknięte:0 | Pasmo przenoszenia:16 - 24000 Hz:1 | Dynamika (SPL):115 dB:2 | Długość przewodu:1 m:3 | ;
1053664;Słuchawki;158.99;AKG K 518 DJ (biały);http://f00.esfr.pl/foto/9/9476103292/ff148520d0ab0417553ef24cbde7b392/akg-k-518-dj-bialy,9476103292_7.jpg;64125;Typ słuchawek:nauszne - zamknięte:0 | Pasmo przenoszenia:16 - 24000 Hz:1 | Dynamika (SPL):115 dB:2 | Długość przewodu:1 m:3 | ;
1053667;Zegarki sportowe;1299;Garmin Forerunner 920XT (czarno-niebieski);http://f01.esfr.pl/foto/7/9461722907/a199e8afcf3c5f256fa854a19cc03882/garmin-forerunner-920xt-czarno-niebieski,9461722907_7.jpg;6211;Funkcje użytkowe:odbiornik GPS, pamięć okrążeń, stoper, timer, wodoszczelność, wysokościomierz:0 | Alarm:dźwiękowy/wibracyjny:1 | Kolor:czarno-niebieski:2 | Wykonanie koperty:tworzywo sztuczne:3 | Wykonanie paska:tworzywo sztuczne:4 | Wyświetlacz:tak:5 | ;
1053668;Zegarki sportowe;1269;Garmin Forerunner 920XT (biało-czerwony);http://f01.esfr.pl/foto/1/9461728802/2ad2ba7568b64c5491afba4f2fb17e60/garmin-forerunner-920xt-bialo-czerwony,9461728802_7.jpg;16344;Funkcje użytkowe:odbiornik GPS, pamięć okrążeń, stoper, timer, wodoszczelność, wysokościomierz:0 | Alarm:dźwiękowy/wibracyjny:1 | Kolor:biało-czerwony:2 | Wykonanie koperty:tworzywo sztuczne:3 | Wykonanie paska:tworzywo sztuczne:4 | Wyświetlacz:tak:5 | ;
1053669;Zegarki sportowe;1499;Garmin Forerunner 920XT HRM;http://f01.esfr.pl/foto/3/9461397857/a199e8afcf3c5f256fa854a19cc03882/garmin-forerunner-920xt-hrm,9461397857_7.jpg;9372;Funkcje użytkowe:czujnik tętna, odbiornik GPS, pamięć okrążeń, stoper, timer, wodoszczelność, wysokościomierz:0 | Alarm:dźwiękowy/wibracyjny:1 | Kolor:czarno-niebieski:2 | Wykonanie koperty:tworzywo sztuczne:3 | Wykonanie paska:tworzywo sztuczne:4 | Wyświetlacz:tak:5 | ;
1053670;Zegarki sportowe;1479;Garmin Forerunner 920XT HRM (biało-czerwony);http://f01.esfr.pl/foto/9/9461715722/2ad2ba7568b64c5491afba4f2fb17e60/garmin-forerunner-920xt-hrm-bialo-czerwony,9461715722_7.jpg;1851;Funkcje użytkowe:czujnik tętna, odbiornik GPS, pamięć okrążeń, stoper, timer, wodoszczelność, wysokościomierz:0 | Alarm:dźwiękowy/wibracyjny:1 | Kolor:biało-czerwony:2 | Wykonanie koperty:tworzywo sztuczne:3 | Wykonanie paska:tworzywo sztuczne:4 | Wyświetlacz:tak:5 | ;
1053674;Worki i filtry do odkurzaczy;14.99;Sencor SVC 45/52;http://f00.esfr.pl/foto/7/9471818227/3fbbd4717d45b92922b4c781afc6ee48/sencor-svc-45-52,9471818227_7.jpg;120246;Typ worka:syntetyczny:0 | W komplecie:5 worków + filtry:1 | ;
1053675;Zestawy kluczy;69.99;NEO Tools nastawny 200 mm 0 - 38 mm;http://f00.esfr.pl/foto/1/9497060432/40a49e21a28a24ee1c60684acbf039cd/neo-tools-nastawny-200-mm-0-38-mm,9497060432_7.jpg;20992;Grzechotka:nie:0 | Wykonanie:stal chromowo-wanadowa (CrV):1 | ;
1053676;Wiertła i końcówki wkrętarskie;99.99;NEO Tools 06-104 końcówki wkrętakowe z uchwytem;http://f01.esfr.pl/foto/6/9497072362/3c758360a29b8c051eaa831ebbbc479d/neo-tools-06-104-koncowki-wkretakowe-z-uchwytem,9497072362_7.jpg;5097;Rodzaj bitów:krzyżowe Philips, krzyżowe Pozidriv, kwadratowe, płaskie, Spline, sześciokątne (imbus), Torq-Set, Torx:0 | ;
1053677;Zestawy kluczy;249;NEO Tools 08-664 1/2'',1/4'' 86 szt.;http://f00.esfr.pl/foto/4/9497062687/6293250749768d768a22bc5c65b81a17/neo-tools-08-664-1-2-1-4-86-szt-,9497062687_7.jpg;15215;Rozmiar kluczy:1/2\, 1/4\:0 | Grzechotka:tak, z przełącznikiem kierunku obrotów:1 | Wykonanie:stal chromowo-wanadowa (CrV):2 | ;
1053678;Zestawy kluczy;299;NEO Tools 08-666 1/2'',1/4'' 110 szt.;http://f00.esfr.pl/foto/1/9497067722/92afb72aef4550f40ec557f000cb2dad/neo-tools-08-666-1-2-1-4-108-szt-,9497067722_7.jpg;28587;Rozmiar kluczy:1/2\, 1/4\:0 | Grzechotka:tak, z przełącznikiem kierunku obrotów:1 | Wykonanie:stal chromowo-wanadowa (CrV):2 | ;
1053679;Zestawy kluczy;599;NEO Tools 08-668 1/2'',1/4'' 150 szt.;http://f00.esfr.pl/foto/1/9497070182/b1f938f88d6d3b665d53f70113798138/neo-tools-08-668-1-2-1-4-150-szt-,9497070182_7.jpg;15198;Rozmiar kluczy:1/2\, 1/4\, 3/8\:0 | Grzechotka:tak, z przełącznikiem kierunku obrotów:1 | Wykonanie:stal chromowo-wanadowa (CrV):2 | ;
1053680;Elektronarzędzia wielofunkcyjne;319;NEO Tools 21-001;http://f01.esfr.pl/foto/1/9631143922/f569a8310918cf72140fdf6003acd8f1/stanley-21-001,9631143922_7.jpg;8760;Zasilanie:sieciowe:0 | Przeznaczenie:do użytku domowego:1 | ;
1053681;Stoły warsztatowe;169.99;Topex 07A420;http://f01.esfr.pl/foto/9/9497076582/acd69445f9eed85ac2a947964376a0ee/topex-07a420,9497076582_7.jpg;22745;;
1053682;Cyfrowe przyrządy pomiarowe;62.99;Topex 94W102;http://f01.esfr.pl/foto/8/9514296577/355fde1040a82551a2f4320608a6ddbe/topex-94w102,9514296577_7.jpg;4547;;
1053683;Lodówki;849;Electrolux ERT1502FOW3;http://f01.esfr.pl/foto/8/9429724762/69f6776334d83f7c23cbe0db9e6134db/electrolux-ert1502fow3,9429724762_7.jpg;5220;Wymiary (wys.x szer.x gł.):85 x 55 x 61,2 cm:0 | Pojemność chłodziarki / zamrażarki:115 l / 18 l:1 | Bezszronowa (No Frost):brak:2 | Roczne zużycie energii:143 kWh = 78,65 zł rocznie:3 | Kolor:biały:4 | Szybkie chłodzenie / zamrażanie:nie / nie:5 | ;
1053684;Mieszarki elektryczne;419;Graphite 58G784;http://f01.esfr.pl/foto/2/9509955547/416feeefa8df00266955998a5f2b6e0b/graphite-58g784,9509955547_7.jpg;21125;Rodzaj mieszarki:pojedyńcza:0 | Moc:1600 W:1 | Prędkość obrotowa:600 obr/min:2 | Liczba biegów:2:3 | Mieszadło w komplecie:tak:4 | Przeznaczenie:do użytku domowego:5 | ;
1053685;Wiertarko-wkrętarki;199.99;Graphite 58G792;http://f00.esfr.pl/foto/7/9500096327/c2f26669d02ae5d6db70d1c276869f93/graphite-58g792,9500096327_7.jpg;3160;Napięcie:230 V:0 | Uchwyt:szybkozaciskowy 10 mm:1 | Sprzęgło:tak:2 | Podświetlenie:nie:3 | ;
1053686;Młotowiertarki;419;Graphite 58G862;http://f01.esfr.pl/foto/9/9500150657/346e7a319ea6c5aed5e62e35b964b49a/graphite-58g862,9500150657_7.jpg;14542;Udar:3200 ud/min 4,5 J:0 | Prędkość bez obciążenia:750 obr/min:1 | Typ uchwytu:SDS+:2 | Maks. średnica wiercenia w betonie:36 mm:3 | ;
1053687;Młoty wyburzeniowe;669;Graphite 58G876;http://f01.esfr.pl/foto/4/9509962562/3c541cf8e5b190cf7187a6f9edd412d0/graphite-58g876,9509962562_7.jpg;18108;Moc nominalna:1200 W:0 | Częstość udaru:3350 ud/min:1 | Energia udaru:15 J:2 | Rodzaj uchwytu:SDS Max:3 | ;
1053688;Elektronarzędzia wielofunkcyjne;239;Graphite 59G021;http://f01.esfr.pl/foto/5/9509852827/7bf19932167079c128f0e7da1883d2ba/graphite-59g021,9509852827_7.jpg;15667;Zasilanie:sieciowe:0 | Przeznaczenie:do użytku domowego:1 | ;
1053689;Odkurzacze przemysłowe;399;Graphite 59G607;http://f00.esfr.pl/foto/4/9585726582/246c4a6f0c249e338df33e6feed91b07/graphite-59g607,9585726582_7.jpg;1197;Moc silnika:1500 W:0 | Pojemność worka:30 litrów:1 | Zasilanie:230-240 V 50/60 Hz:2 | ;
1053690;Zmywarki;1649;Bosch SMS53L62EU;http://f00.esfr.pl/foto/6/9429879587/2e4631ac10e244aa999b113692081a81/bosch-sms53l62eu,9429879587_7.jpg;3586;Wymiary (SxWxG):60 x 84,5 x 60 cm:0 | Pojemność:12 kpl.:1 | Liczba programów:5:2 | Klasa energetyczna:A++:3 | Zużycie wody - cykl:7,5 litra:4 | ;
1053691;Zmywarki;1599;Bosch SMS53L68EU;http://f01.esfr.pl/foto/7/9430132037/3107236645fa3ea29649556a20838bd2/bosch-sms53l68eu,9430132037_7.jpg;10183;Wymiary (SxWxG):60 x 84,5 x 60 cm:0 | Pojemność:12 kpl.:1 | Liczba programów:5:2 | Klasa energetyczna:A++:3 | Zużycie wody - cykl:7,5 litra:4 | ;
1053692;Piekarniki do zabudowy;899;Electrolux EZB3430AOK;http://f01.esfr.pl/foto/7/9463029767/6ad8d25031ff91b7253cd0704209a35a/electrolux-ezb3430aok,9463029767_7.jpg;641;Wymiary (bez el. wystaj.) SxWxG:59 x 59,4 x 56 cm:0 | Kolor frontu:czarny:1 | Pojemność:57 litrów:2 | Wykonanie piekarnika:szklane:3 | Sterowanie:elektroniczne - chowane pokrętła, przyciski na froncie piekarnika:4 | Seria:Inspiration:5 | ;
1053693;Płyty do zabudowy;1649;Electrolux EHI6540FOS;http://f01.esfr.pl/foto/4/9463013352/641a8d5bda7540ba1ba351280debf78f/electrolux-ehi6540fos,9463013352_7.jpg;6206;Wymiary (szer. x gł.):59 x 52 cm:0 | Pola grzewcze:4 pola indukcyjne:1 | Wykonanie płyty grzewczej:ceramiczne - szlif z przodu:2 | Kolor płyty grzewczej:srebrny:3 | Sterowanie płyty grzewczej:elektroniczne - dotykowe (sensorowe) na płycie grzewczej:4 | ;
1053694;płyta gazowa;699.00;Electrolux EGH6342BOX;http://f01.esfr.pl/foto/5/9463132722/acae7dda909dcfd621fa47db946154de/electrolux-egh6342box,9463132722_2.jpg;9493;;
1053695;Płyty do zabudowy;569;Electrolux EGH6242LOX;https://f00.esfr.pl/foto/3/9474353312/7ebc243cefc7495e4c79eb41c6acc2ec/electrolux-egh6242lox,9474353312_7.jpg;10614;Wymiary (szer. x gł.):59,5 x 51 cm:0 | Pola grzewcze:4 palniki gazowe:1 | Wykonanie płyty grzewczej:stal nierdzewna:2 | Kolor płyty grzewczej:srebrny:3 | Sterowanie płyty grzewczej:mechaniczne - pokrętła na płycie grzewczej:4 | ;
1053697;Tablety;859;Kruger & Matz EDGE 1082;http://f01.esfr.pl/foto/8/9461734947/19aa83dcbfbd1e60865df359c7f55bfb/kruger-matz-edge-1082,9461734947_7.jpg;864;System operacyjny:Windows 10:0 | Wyświetlacz:10,1 cala, 1920 x 1200 pikseli:1 | Procesor:Intel® Atom™ Z3735F, 1,33 - 1,83 GHz:2 | Pojemność:32 GB:3 | Pamięć  RAM:2 GB:4 | Modem:nie:5 | ;
1053700;Akcesoria do laptopów;4.99;MODECOM CR-NANO Black;http://f00.esfr.pl/foto/9/9473863457/e4018be64f9dd0f3badcdfd8e2589f91/modecom-cr-nano-black,9473863457_7.jpg;38292;Typ urządzenia:czytnik kart pamięci:0 | ;
1053701;Słuchawki z mikrofonem;84.99;Roccat Syva – High Performance;http://f01.esfr.pl/foto/7/9476444982/7865724d874a2b053ae7c09b8a91320/roccat-syva-high-performance,9476444982_7.jpg;1127;Rodzaj słuchawek:przewodowe:0 | Typ słuchawek:douszne:1 | Regulacja głośności:nie:2 | Przeznaczenie:PC:3 | ;
1053704;Akcesoria do kamer sportowych;49.9;Fujifilm Pasek wypornościowy;http://f01.esfr.pl/foto/4/9433129142/14887d4894f2f1513b45873d98aca057/fujifilm-pasek-wypornosciowy-,9433129142_7.jpg;4405;Kod producenta:70100105106:0 | ;
1053706;Telefony i Smartfony;2399;Samsung Galaxy S6 SM-G920 64GB (złoty);http://f00.esfr.pl/foto/8/9434433357/e316718c7deb28ed940abd163d2e97f/samsung-galaxy-s6-sm-g920f-64gb-zloty,9434433357_7.jpg;1381;Przekątna wyświetlacza:5,1 cala:0 | Procesor:Samsung ośmiordzeniowy 4 x 2,1 GHz + 4 x 1,5 GHz:1 | System operacyjny:Android 5 Lollipop:2 | Pamięć wbudowana:64 GB:3 | Aparat foto:16 Mpix:4 | Złącza/Komunikacja:Wi-Fi, Wi-Fi Direct, Bluetooth 4.1, DLNA, NFC, USB, Podczerwień (IrDA), słuchawkowe:5 | ;
1053709;Myjki do okien;279;Karcher WV 2 Premium + środek do szkła RM 500 1.633-410.0;http://f01.esfr.pl/foto/1/9434711122/1f0af72d139be354d55bccd7afb2393d/karcher-wv-2-premium-srodek-do-czyszczenia-szkla-rm-500,9434711122_7.jpg;1543;Czas pracy:25 min.:0 | Czas ładowania:2,3 h:1 | Wydajność:75 m2:2 | Szerokość ssawki:280 mm:3 | Zbiornik wody brudnej:100 ml:4 | ;
1053710;Laptopy;2599;ASUS Zenbook UX305FA 13,3'' Intel Core 5Y10 - 4GB RAM - 128GB Dysk - Win8.1;http://f01.esfr.pl/foto/6/9436686617/72eefceb502226cb7af8b7d0a0cd1fd/asus-zenbook-ux305fams-fc051h-w8-1,9436686617_7.jpg;35012;Ekran:13,3 cala,  1920 x 1080 pikseli:0 | Procesor:Intel® Core™ M-series 5Y10 0,8 - 2,0 GHz:1 | Pamięć RAM:4 GB:2 | Dysk:128 GB SSD:3 | Grafika:Intel® HD Graphics 5300:4 | System operacyjny:Windows 8.1:5 | Gwarancja:24 miesiące, door to door:6 | ;
1053732;Telefony i Smartfony;189.00;Allview M8 Join (czarny);http://f01.esfr.pl/foto/8/9466191622/35b2c4510f5d1d81ed88db333aac22f/allview-m8-join-czarny,9466191622_2.jpg;44459;;
1053735;Telefony i Smartfony;299.00;Allview P5 Life (czarny);http://f01.esfr.pl/foto/7/9466215397/ead11f355c0f91d8554a11fc7736ab90/allview-p5-life-czarny,9466215397_2.jpg;33289;;
1053740;Telefony i Smartfony;649;Allview P6 Energy (czarny);http://f01.esfr.pl/foto/6/9466219442/49e7bbbf48e75df676cb0ac1ed780558/allview-p6-energy-czarny,9466219442_7.jpg;20129;Przekątna wyświetlacza:5 cali:0 | Procesor:czterordzeniowy Cortex-A7, 1,3 GHz Quad Core, graficzny procsor Mali-400 MP:1 | System operacyjny:Android 4.4 KitKat:2 | Pamięć wbudowana:8 GB:3 | Aparat foto:8 Mpix:4 | Złącza/Komunikacja:Wi-Fi, Wi-Fi Direct, Bluetooth 4.0, USB, słuchawkowe:5 | ;
1053773;Telefony i Smartfony;1199;LG G Flex 2 (H955);http://f00.esfr.pl/foto/9/9437989802/8970f5eb7f30dbeae65c04c8a179316a/lg-g-flex-2-h955,9437989802_7.jpg;50;Przekątna wyświetlacza:5,5 cala:0 | Procesor:Qualcomm Snapdragon 810 MSM8994, ośmiordzeniowy 4x 1,5 GHz + 4x 2 GHz:1 | System operacyjny:Android 5 Lollipop:2 | Pamięć wbudowana:16 GB:3 | Aparat foto:13 Mpix:4 | Radio FM:tak:5 | Łącza/Komunikacja:Wi-Fi, Wi-Fi Direct, Bluetooth 4.1, NFC, USB, słuchawkowe:6 | ;
1053774;Blendery kielichowe;169.99;Electrolux PerfectMix ESB2350;http://f00.esfr.pl/foto/1/9471850502/def1ee774b790274d814e9651467e498/electrolux-perfectmix-esb2350,9471850502_7.jpg;4110;Funkcje:kruszenie lodu, miksowanie, rozdrabnianie:0 | Moc silnika:450 W:1 | Pojemność kielicha:1,5 litra:2 | Wykonanie kielicha:szkło hartowane:3 | ;
1053775;Podkładki pod mysz;149.99;Razer Vespula;http://f01.esfr.pl/foto/4/9476541782/8bf4494f06f3a31412684894cf2477e9/razer-vespula_1,9476541782_7.jpg;45044;Wymiary (szer. x gł.):32 x 26 cm:0 | Rodzaj materiału:tworzywo sztuczne:1 | Podpórka pod nadgarstek:tak:2 | ;
1053776;Klawiatury komputerowe;649;Razer Blackwidow Ultimate;http://f01.esfr.pl/foto/2/9473998802/609f2ce8d9a2f6ae2eb07bb39538557e/razer-blackwidow-ultimate_1,9473998802_7.jpg;7255;Układ klawiatury:standardowy:0 | Komunikacja z komputerem:przewodowa:1 | Typ podłączenia:USB:2 | Podświetlenie:tak:3 | ;
1053777;Głośniki komputerowe;599;Razer Leviathan 5.1;http://f00.esfr.pl/foto/4/9476504812/214550c4112053d2eaaec64754ef577f/razer-leviathan-5-1,9476504812_7.jpg;7584;Typ zestawu:5.1:0 | Moc niskotonowa (RMS):30 W:1 | Moc głośnika satelitarnego (RMS):30 W:2 | Kolor:czarny:3 | ;
1053779;Tablety;799;Samsung Galaxy Tab A 9.7 Wi-Fi SM-T550 (biały);http://f00.esfr.pl/foto/8/9443346332/977282934d6408e08ce155dd7c302a68/samsung-galaxy-tab-a-9-7-sm-t550-bialy,9443346332_7.jpg;1018;System operacyjny:Android 5.0 Lollipop:0 | Wyświetlacz:9,7 cala, 1024 x 768 pikseli:1 | Procesor:Qualcomm Snapdragon 410, 1,2 GHz:2 | Pojemność:16 GB:3 | Pamięć  RAM:1,5 GB:4 | Modem:nie:5 | ;
1053782;Filtry do okapów;189.99;Faber 112.0158.127;http://f00.esfr.pl/foto/3/9471872142/29d260ff735cc2efeb918baad664b5a/faber-112-0158-127,9471872142_7.jpg;18786;W komplecie:1 szt.:0 | ;
