1056120;Opaski monitorujące aktywność;599;Garmin Fitness Vivofit 2 HRM (biały);http://f00.esfr.pl/foto/6/9671893232/c75008fa6522071cca44ca7e854d8a2/garmin-fitness-vivofit-2-hrm-bialy,9671893232_7.jpg;4200;Pomiar:kroki, dystans, kalorie, jakość snu:0 | Wyświetlacz:tak:1 | Kolor:biały:2 | ;
1056121;Smartwatch;499;Garmin Vivoactive (czarny);http://f00.esfr.pl/foto/9/9685103337/56172e7ef40ed94e1e158c8099e4c68f/garmin-vivoactive-czarny,9685103337_7.jpg;4582;Kompatybilna platforma:Apple iOS, Google Android, Microsoft Windows:0 | Komunikacja:Bluetooth 4.0:1 | Wykonanie koperty:tworzywo sztuczne:2 | ;
1056122;Smartwatch;599;Garmin Vivoactive (biały);http://f01.esfr.pl/foto/3/9685413552/5725bf7afd3f35e108d13e8534e885b/garmin-vivoactive-bialy,9685413552_7.jpg;6558;Kompatybilna platforma:Apple iOS, Google Android, Microsoft Windows:0 | Komunikacja:Bluetooth 4.0:1 | Wykonanie koperty:tworzywo sztuczne:2 | ;
1056125;Radioodbiorniki;199.99;Lenco PDR-03;http://f01.esfr.pl/foto/2/9676874357/203c89d795a9cc3f762af589db52e5a2/lenco-pdr-03,9676874357_7.jpg;13821;Radio:analogowe z pamięcią, cyfrowe DAB+:0 | Zakresy fal radiowych:FM (UKF), DAB+:1 | Dźwięk:mono:2 | Zasilanie:sieciowe, bateryjne:3 | Kolor obudowy:czarny:4 | ;
1056126;Systemy multiroom;619;Lenco PlayConnect;http://f00.esfr.pl/foto/8/9672068952/30ecc616f0bc3f9e629194bb400becc3/lenco-playconnect,9672068952_7.jpg;23605;Radio:internetowe:0 | Zgodność z iPod/iPhone:tak:1 | Wi-Fi:tak:2 | Bluetooth:nie:3 | ;
1056127;Systemy multiroom;669;Lenco Playlink-4;http://f01.esfr.pl/foto/4/9671979202/95497193e7cfc07872835b4350907786/lenco-playlink-4,9671979202_7.jpg;23504;Radio:internetowe:0 | Zgodność z iPod/iPhone:tak:1 | Wi-Fi:tak:2 | Bluetooth:tak:3 | ;
1056128;Systemy multiroom;769;Lenco Playlink-4 + bateria PL4BAT;http://f00.esfr.pl/foto/4/9672083547/95497193e7cfc07872835b4350907786/lenco-playlink-4-bateria,9672083547_7.jpg;18987;Radio:internetowe:0 | Zgodność z iPod/iPhone:tak:1 | Wi-Fi:tak:2 | Bluetooth:tak:3 | ;
1056129;Systemy multiroom;1319;Lenco Playlink-6;http://f00.esfr.pl/foto/7/9672004812/95497193e7cfc07872835b4350907786/lenco-playlink-6,9672004812_7.jpg;985;Radio:internetowe:0 | Zgodność z iPod/iPhone:tak:1 | Wi-Fi:tak:2 | Bluetooth:tak:3 | ;
1056130;Akumulatory;199;Lenco PL4BAT;http://f01.esfr.pl/foto/8/9678425857/5fe3b640c3f9985373ef57985d087d5f/lenco-pl4bat,9678425857_7.jpg;31368;Typ akumulatora:akumulator dedykowany:0 | Rodzaj:Li-Ion:1 | Pojemność:2200 mAh:2 | Napięcie wyjściowe:10,8 V:3 | W komplecie:1 akumulator:4 | ;
1056131;Słuchawki;749;Bang & Olufsen Earset 3i (biały);http://f01.esfr.pl/foto/2/9671891662/9d0e9852d6eb7ee7f2734044d864d95e/bang-olufsen-earset-3i-bialy,9671891662_7.jpg;108966;Typ słuchawek:douszne:0 | Pasmo przenoszenia:50 - 20000 Hz:1 | Dynamika (SPL):brak danych:2 | Długość przewodu:1,2 m:3 | ;
1056138;Słuchawki;899;Bang & Olufsen BeoPlay H2 Carbon Blue;http://f00.esfr.pl/foto/1/9671754487/972884827a26bc4e4c4595f1b5bc8772/bang-olufsen-beoplay-h2-carbon-blue,9671754487_7.jpg;108455;Typ słuchawek:nauszne:0 | Dynamika (SPL):115 dB:1 | Długość przewodu:brak danych:2 | ;
1056141;Słuchawki;899;Bang & Olufsen BeoPlay H2 Deep Red;http://f00.esfr.pl/foto/8/9671781417/1a8ea15765ede26a205833bcc51143c5/bang-olufsen-beoplay-h2-deep-red,9671781417_7.jpg;108540;Typ słuchawek:nauszne:0 | Dynamika (SPL):brak danych:1 | Długość przewodu:brak danych:2 | ;
1056149;Słuchawki;2019;Bang & Olufsen BeoPlay H8 Gray Hazel;http://f01.esfr.pl/foto/3/9671888367/2770bf7a5bcfff7af851767556518cbc/bang-olufsen-beoplay-h8-gray-hazel,9671888367_7.jpg;108541;Typ słuchawek:nauszne - zamknięte:0 | Pasmo przenoszenia:20 - 22000 Hz:1 | Dynamika (SPL):brak danych:2 | Transmisja bezprzewodowa:bluetooth:3 | Długość przewodu:1,2 m:4 | ;
1056151;Kolumny audio;699;Kruger & Matz Journey KM0501;http://f00.esfr.pl/foto/9/9676859862/fc5c3742810bae38732a80d6b73baba2/kruger-matz-journey-km0501,9676859862_7.jpg;4771;Zakres częstotliwości:50 Hz - 20 kHz:0 | Impedancja nominalna:4 Ω:1 | Konstrukcja:trójdrożne:2 | Moc muzyczna:100 W:3 | ;
1056156;Kolumny audio;2199;Kruger & Matz Destiny KM0505;http://f01.esfr.pl/foto/2/9676858312/7c884b8389d2921a781ad3fe548c83b7/kruger-matz-destiny-km0505,9676858312_7.jpg;4763;Zakres częstotliwości:38 Hz - 20 kHz:0 | Impedancja nominalna:4 Ω:1 | Konstrukcja:czterogłośnikowe, trójdrożne:2 | Moc muzyczna:120 W:3 | ;
1056157;Oprogramowanie;49.99;McAfee Internet Security;http://f00.esfr.pl/foto/8/9819786127/9d081f6e73b9500f2ab3d40446671d29/mcafee-internet-security,9819786127_7.jpg;11076;Typ oprogramowania:antywirusowe:0 | Kompatybilne systemy operacyjne:Windows:1 | Wersja językowa:polska:2 | Liczba stanowisk:1:3 | ;
1056158;Oprogramowanie;29.99;McAfee Mobile Security;http://f00.esfr.pl/foto/7/9820060557/f2a63f9be04a259954cc738130f92ca6/mcafee-mobile-security,9820060557_7.jpg;5864;Typ oprogramowania:antywirusowe:0 | Kompatybilne systemy operacyjne:Android:1 | Wersja językowa:polska:2 | Liczba stanowisk:1:3 | ;
1056159;Oprogramowanie;149.99;McAfee LiveSafe 12 mc;http://f00.esfr.pl/foto/6/9819866827/f7c1cb3d599078654dea4e01ce34c184/mcafee-livesafe,9819866827_7.jpg;984;Typ oprogramowania:antywirusowe:0 | Kompatybilne systemy operacyjne:Windows, Android, iOS:1 | Wersja językowa:polska:2 | Liczba stanowisk:nieograniczona:3 | ;
1056178;Aparaty z wymienną optyką;2999.00;Fujifilm X-T10 + XC16-50mm OIS II (czarny);http://f00.esfr.pl/foto/6/9615816752/53472a09f1d8c5bfd8991b7005d1aa2d/fujifilm-x-t10-xc16-50mm-ois-ii-czarny-,9615816752_7.jpg;9121;Rozdzielczość:16,3 Mpix:0 | Rodzaj przetwornika:23,6 mm x 15,6 mm (APS-C) X-Trans CMOS II:1 | Obiektyw w zestawie:XC16-50 mm f/3,5-5,6 OIS II:2 | Ogniskowa (dla 35 mm):24 - 76 mm:3 | Kod producenta:16470697:4 | ;
1056179;Aparaty z wymienną optyką;3449;Fujifilm X-T10 + XC16-50mm OIS II (czarno - srebrny);http://f00.esfr.pl/foto/9/9615528777/e16bb7e0d6f2276914755ad2240b2298/fujifilm-x-t10-xc-16-50mm-ois-ii-czarno-srebrny-,9615528777_7.jpg;508;Rozdzielczość:16,3 Mpix:0 | Rodzaj przetwornika:CMOS II  X-Trans 23,6 mm x 15,6 mm:1 | Obiektyw w zestawie:XC16-50 mm f/3,5-5,6 OIS II:2 | Ogniskowa (dla 35 mm):24 - 76 mm:3 | Kod producenta:16471263:4 | ;
1056183;Torby do aparatów i kamer;635;Lowepro Pro Runner BP 350 AW II;http://f01.esfr.pl/foto/1/9716313712/2fd0fa6dfd055736500919b17e24b29/lowepro-pro-runner-bp-350-aw-ii,9716313712_7.jpg;22454;Kolor:czarny:0 | Wymiary wewnętrzne:290 x 395 x 115 mm:1 | Przeznaczenie:lustrzanka, kompakt z wymienną optyką, obiektyw, akcesoria:2 | ;
1056184;Torby do aparatów i kamer;769;Lowepro Pro Runner BP 450 AW II;https://f01.esfr.pl/foto/9/9716325342/15f78af004ad4e45f7a2820bf77a248/lowepro-pro-runner-bp-450-aw-ii,9716325342_7.jpg;21793;Kolor:czarny:0 | Wymiary wewnętrzne:325 x 408 x 160 mm:1 | Przeznaczenie:aparat kompaktowy typu \ultra zoom\, lustrzanka, obiektyw, akcesoria:2 | ;
1056185;Torby do aparatów i kamer;1099;Lowepro Pro Runner RL x450 AW II;http://f00.esfr.pl/foto/1/9716350002/14852e027b4a2c66516d4cc6cdda3c92/lowepro-pro-runner-rl-x450-aw-ii,9716350002_7.jpg;22451;Kolor:czarny:0 | Wymiary wewnętrzne:310 x 433 x 160 mm:1 | Przeznaczenie:aparat kompaktowy typu \ultra zoom\, lustrzanka, obiektyw, akcesoria:2 | ;
1056186;Słuchawki;79.99;Philips ActionFit SHQ3300PK/00;http://f00.esfr.pl/foto/6/9686286842/71f3b4be47f437edd647e9422f7f9427/philips-actionfit-shq3300pk-00,9686286842_7.jpg;18851;Typ słuchawek:douszne Clip-on:0 | Pasmo przenoszenia:6 - 24000 Hz:1 | Dynamika (SPL):107 dB:2 | Długość przewodu:1,2 m:3 | ;
1056187;Słuchawki;89.99;Philips ActionFit SHQ3300LF/00;http://f01.esfr.pl/foto/5/9686257962/3ac606204c447abd0d96bcbe4afcd293/philips-actionfit-shq3300lf-00,9686257962_7.jpg;16135;Typ słuchawek:douszne Clip-on:0 | Pasmo przenoszenia:6 - 24000 Hz:1 | Dynamika (SPL):107 dB:2 | Długość przewodu:1,2 m:3 | ;
1056188;Patelnie;34.99;Bergner BG-1292 26cm;http://f01.esfr.pl/foto/9/9711295232/bbb42608d9129f30a0de0a55123d2262/bergner-bg-1292-26cm,9711295232_7.jpg;116529;Średnica:26 cm:0 | Wskaźnik nagrzania patelni:nie:1 | Możliwość mycia w zmywarce:tak:2 | W zestawie:patelnia 26 cm:3 | Kolor:biały:4 | Powłoka wewnętrzna:ceramiczna:5 | Powłoka zewnętrzna:aluminium:6 | ;
1056190;Głośniki przenośne;669;Creative Sound Blaster Roar;http://f00.esfr.pl/foto/4/9678824872/da1eabcead63a111503fdf26daddab2d/creative-sound-blaster-roar,9678824872_7.jpg;2525;Czas pracy do:8 h:0 | Pasuje do:urządzenia ze złączem 3,5 mm jack, urządzenia z Bluetooth, urządzenia z NFC:1 | Zasilanie:sieciowo-akumulatorowe:2 | ;
1056191;Głośniki przenośne;239;Creative MUVO 10 (czarny);http://f01.esfr.pl/foto/1/9678610537/39c257295499965e4e5f8e8489982ae0/creative-muvo-10-czarny,9678610537_7.jpg;13255;Czas pracy do:8 h:0 | Pasuje do:urządzenia ze złączem 3,5 mm jack, urządzenia z Bluetooth, urządzenia z NFC:1 | Zasilanie:akumulatorowe:2 | ;
1056192;Głośniki przenośne;249;Creative MUVO 10 (zielony);http://f01.esfr.pl/foto/7/9678753327/dee952ac443c62b842026f978918f965/creative-muvo-10-zielony,9678753327_7.jpg;25960;Czas pracy do:8 h:0 | Pasuje do:urządzenia ze złączem 3,5 mm jack, urządzenia z Bluetooth, urządzenia z NFC:1 | Zasilanie:akumulatorowe:2 | ;
1056193;Głośniki przenośne;239;Creative MUVO 10 (niebieski);http://f00.esfr.pl/foto/5/9678709767/281d3b3a0ac7d394d49b6b0b043dcb8/creative-muvo-10-niebieski,9678709767_7.jpg;22791;Czas pracy do:8 h:0 | Pasuje do:urządzenia ze złączem 3,5 mm jack, urządzenia z Bluetooth, urządzenia z NFC:1 | Zasilanie:akumulatorowe:2 | ;
1056194;Stacje pogody;179.99;Meteo SP53;http://f01.esfr.pl/foto/8/9733328342/e287cedb7c9c95e78a8da8ff141ed0f8/meteo-sp53,9733328342_7.jpg;18364;Pomiar temperatury:na zewnątrz, wewnątrz:0 | Pomiar ciśnienia:tak:1 | Prognozowanie pogody:tak:2 | ;
1056195;Laptopy;8449.00;Apple Macbook Pro 15 i7-4770HQ 16GB 256 GB SSD OS X 10.10;http://f01.esfr.pl/foto/2/9637410022/3a017efdcde7f0140710fdb732d8b0f5/apple-macbook-pro-15-i7-4770hq-16gb-256-gb-ssd-os-x-10-10,9637410022_2.jpg;10299;;
1056196;Stacje pogody;99.99;Meteo SP54 (biały);http://f00.esfr.pl/foto/9/9733354752/86e905f2392a51404345ee436b04ae96/meteo-sp54-bialy,9733354752_7.jpg;15052;Pomiar temperatury:na zewnątrz, wewnątrz:0 | Prognozowanie pogody:tak:1 | ;
1056335;Laptopy;10399;Apple Macbook Pro 15 i7-4870HQ 16GB 512GBSSD R9M370X OSX10.10;http://f00.esfr.pl/foto/1/9637462277/3a017efdcde7f0140710fdb732d8b0f5/apple-macbook-pro-15-i7-4770hq-16gb-512gbssd-r9m370x-osx10-10,9637462277_7.jpg;2442;Ekran:15,4 cala, 2880 x 1800 pikseli:0 | Procesor:Intel® Core™ i7 4gen 4870HQ 2,5 - 3,7 GHz:1 | System operacyjny:Mac OS X Yosemite:2 | Pamięć RAM:16 GB:3 | Dysk:512 GB SSD:4 | Grafika:AMD® R9 M370X + Intel Iris Pro Graphics 5200:5 | Ekran dotykowy:nie:6 | Kolor:srebrny:7 | Kod producenta:MJLT2ZE/A:8 | ;
1056339;Stacje pogody;129.99;Meteo SP54 (czarny);http://f00.esfr.pl/foto/8/9733367162/bb621f48794d75e42805b09716d87510/meteo-sp54-czarny,9733367162_7.jpg;7444;Pomiar temperatury:na zewnątrz, wewnątrz:0 | Prognozowanie pogody:tak:1 | ;
1056412;Piloty uniwersalne;29.99;One For All URC 8610 Xsight Lite;http://f00.esfr.pl/foto/2/9716422872/a35a796ad1bf1ef0f25ec2e8ad3e80e4/one-for-all-urc-8610-xsight-lite,9716422872_7.jpg;45346;Obsługiwane urządzenia:telewizor, amplituner, odtwarzacz Blu-ray, odtwarzacz DVD, odbiornik satelitarny, zestawy kina domowego:0 | ;
1056451;Garnki i czajniki;59.99;Tescoma Presto 16 cm;http://f01.esfr.pl/foto/7/9672516097/3383b156f743f02689bc2c23526eb749/tescoma-presto-16-cm,9672516097_7.jpg;12892;Średnica:16 cm:0 | Pojemność:1,4 litra:1 | Możliwość mycia w zmywarce:tak:2 | Możliwość używania na kuchniach indukcyjnych:nie:3 | W zestawie:garnek 16 cm, szklana pokrywka:4 | ;
1056475;Laptopy;3499.00;Lenovo Y50-70 i7-4720HQ 8GB 1TB 8GB SSHD GTX960M W8.1;http://f01.esfr.pl/foto/5/9645668492/854615a0b95bc1b729105355ae5fee2c/lenovo-y50-70-i7-4720hq-8gb-1tb-8gb-sshd-gtx960m-w8-1,9645668492_2.jpg;41052;;
1056617;Odkamieniacze;22.99;Electrolux E6OCH106;http://f00.esfr.pl/foto/3/9690465037/a335d5d7367a7213b852dcb09953a547/electrolux-e6och106,9690465037_7.jpg;63899;Przeznaczenie:AGD, piekarniki:0 | ;
1056619;Czajniki elektryczne;159.99;Severin WK 3461;http://f00.esfr.pl/foto/5/9676907367/7b9cec5a1c887732fcb2e6b96afc2365/severin-wk-3461,9676907367_7.jpg;23297;Pojemność:1,5 litra:0 | Element grzejny:płaska grzałka płytowa:1 | Moc:2200 W:2 | Kolor:szaro-czarny:3 | Wykonanie:stal nierdzewna:4 | ;
1056620;Czajniki elektryczne;103.79;Severin WK 3495;http://f00.esfr.pl/foto/9/9676908907/b89873ae58c532c784d803b01ce5ced8/severin-wk-3495,9676908907_7.jpg;19334;Pojemność:1,5 litra:0 | Element grzejny:płaska grzałka płytowa:1 | Moc:2200 W:2 | Kolor:biały:3 | Wykonanie:tworzywo sztuczne:4 | ;
1056621;Czajniki elektryczne;259;Severin WK 3460;http://f00.esfr.pl/foto/5/9676890602/c13d7f9fbd7789c016f8ccc690b1bbb5/severin-wk-3460,9676890602_7.jpg;17215;Pojemność:1,5 litra:0 | Element grzejny:płaska grzałka płytowa:1 | Moc:2200 W:2 | Kolor:szaro-czarny:3 | Wykonanie:stal nierdzewna:4 | ;
1056622;Parownice;239;Severin ST 7181;http://f01.esfr.pl/foto/8/9690486252/8464013e963769d84c717bca4f88001e/severin-st-7181,9690486252_7.jpg;15653;Moc:1550 W:0 | Pojemność:0,22 litra:1 | ;
1056623;Parownice;269;Severin ST 7182;http://f01.esfr.pl/foto/8/9690488837/84084cae7509c2df165f1a66dcec8e7/severin-st-7182,9690488837_7.jpg;9300;Moc:1550 W:0 | Pojemność:0,2 litra:1 | ;
1056626;Ekspresy przelewowe;131.2;Severin KA 4190;http://f00.esfr.pl/foto/9/9701575442/5a2237e8fc8b52483d1c1c168e20948b/severin-ka-4190,9701575442_7.jpg;19134;Moc:1000 W:0 | Pojemność naczynia:10 filiżanek:1 | Rodzaj naczynia:dzbanek:2 | ;
1056627;Ekspresy przelewowe;168.99;Severin KA 4191;http://f00.esfr.pl/foto/9/9701588992/4347edee98ac8c1a7f2fb4c5a5fbd14e/severin-ka-4191,9701588992_7.jpg;10143;Moc:1000 W:0 | Pojemność naczynia:10 filiżanek:1 | Rodzaj naczynia:dzbanek:2 | ;
1056628;Ekspresy przelewowe;179.7;Severin KA 4462 Supreme;http://f01.esfr.pl/foto/8/9701613287/ceeb8fb4c206c3704c90df3c9bda8633/severin-ka-4462-supreme,9701613287_7.jpg;10571;Moc:1000 W:0 | Pojemność naczynia:10 filiżanek:1 | Rodzaj naczynia:dzbanek:2 | ;
1056629;Ekspresy przelewowe;149.99;Severin KA 4312;http://f01.esfr.pl/foto/3/9701593797/6c7069250960a6cbde6d9ddcc73add15/severin-ka-4312,9701593797_7.jpg;14506;Moc:1000 W:0 | Pojemność naczynia:10 filiżanek:1 | Rodzaj naczynia:dzbanek:2 | ;
1056630;Ekspresy przelewowe;109.99;Severin KA 4805;http://f01.esfr.pl/foto/5/9701620747/b245024408578ad448e02e25252adfc5/severin-ka-4805,9701620747_7.jpg;11463;Moc:650 W:0 | Pojemność naczynia:4 filiżanki:1 | Rodzaj naczynia:dzbanek:2 | ;
1056631;Ekspresy przelewowe;439;Severin KA 5702 Cafe Caprice;http://f00.esfr.pl/foto/2/9701638092/66ea708235fe42aecf0f6a164e5aefb1/severin-ka-5702-cafe-caprice,9701638092_7.jpg;6134;Moc:1450 W:0 | Pojemność naczynia:8 filiżanek:1 | Rodzaj naczynia:dzbanek:2 | ;
